id,name,code,state_id:id
district_bkk_001,สัมพันธวงศ์,BKK-1001,base.state_th_001
district_bkk_002,ป้อมปราบศัตรูพ่าย,BKK-1002,base.state_th_001
district_bkk_003,คลองเตย,BKK-1003,base.state_th_001
district_bkk_004,วัฒนา,BKK-1004,base.state_th_001
district_bkk_005,ปทุมวัน,BKK-1005,base.state_th_001
district_bkk_006,ยานนาวา,BKK-1006,base.state_th_001
district_bkk_007,บางคอแหลม,BKK-1007,base.state_th_001
district_bkk_008,สาทร,BKK-1008,base.state_th_001
district_sp_001,พระประแดง,SP-1101,base.state_th_057
district_bkk_009,ราษฎร์บูรณะ,BKK-1009,base.state_th_001
district_bkk_010,ทุ่งครุ,BKK-1010,base.state_th_001
district_bkk_011,บางขุนเทียน,BKK-1011,base.state_th_001
district_bkk_012,บางบอน,BKK-1012,base.state_th_001
district_bkk_013,จอมทอง,BKK-1013,base.state_th_001
district_bkk_014,ภาษีเจริญ,BKK-1014,base.state_th_001
district_bkk_015,บางแค,BKK-1015,base.state_th_001
district_bkk_016,หนองแขม,BKK-1016,base.state_th_001
district_bkk_017,ทวีวัฒนา,BKK-1017,base.state_th_001
district_bkk_018,ตลิ่งชัน,BKK-1018,base.state_th_001
district_bkk_019,พระนคร,BKK-1019,base.state_th_001
district_bkk_020,ดอนเมือง,BKK-1020,base.state_th_001
district_bkk_021,หลักสี่,BKK-1021,base.state_th_001
district_bkk_022,สายไหม,BKK-1022,base.state_th_001
district_bkk_023,บางเขน,BKK-1023,base.state_th_001
district_bkk_024,คันนายาว,BKK-1024,base.state_th_001
district_bkk_025,บึงกุ่ม,BKK-1025,base.state_th_001
district_bkk_026,ลาดพร้าว,BKK-1026,base.state_th_001
district_bkk_027,สะพานสูง,BKK-1027,base.state_th_001
district_bkk_028,บางกะปิ,BKK-1028,base.state_th_001
district_bkk_029,สวนหลวง,BKK-1029,base.state_th_001
district_bkk_030,ประเวศ,BKK-1030,base.state_th_001
district_bkk_031,พระโขนง,BKK-1031,base.state_th_001
district_bkk_032,บางนา,BKK-1032,base.state_th_001
district_sp_002,เมืองสมุทรปราการ,SP-1102,base.state_th_057
district_sp_003,พระสมุทรเจดีย์,SP-1103,base.state_th_057
district_bkk_033,ดุสิต,BKK-1033,base.state_th_001
district_bkk_034,ห้วยขวาง,BKK-1034,base.state_th_001
district_bkk_035,วังทองหลาง,BKK-1035,base.state_th_001
district_bkk_036,ดินแดง,BKK-1036,base.state_th_001
district_bkk_037,ราชเทวี,BKK-1037,base.state_th_001
district_bkk_038,พญาไท,BKK-1038,base.state_th_001
district_bkk_039,บางรัก,BKK-1039,base.state_th_001
district_bkk_040,คลองสามวา,BKK-1040,base.state_th_001
district_bkk_041,มีนบุรี,BKK-1041,base.state_th_001
district_bkk_042,ลาดกระบัง,BKK-1042,base.state_th_001
district_bkk_043,หนองจอก,BKK-1043,base.state_th_001
district_sp_004,บางพลี,SP-1104,base.state_th_057
district_sp_005,บางบ่อ,SP-1105,base.state_th_057
district_sp_006,บางเสาธง,SP-1106,base.state_th_057
district_bkk_044,บางกอกใหญ่,BKK-1044,base.state_th_001
district_bkk_045,ธนบุรี,BKK-1045,base.state_th_001
district_bkk_046,คลองสาน,BKK-1046,base.state_th_001
district_bkk_047,บางพลัด,BKK-1047,base.state_th_001
district_bkk_048,บางกอกน้อย,BKK-1048,base.state_th_001
district_bkk_049,บางซื่อ,BKK-1049,base.state_th_001
district_bkk_050,จตุจักร,BKK-1050,base.state_th_001
district_nb_001,เมืองนนทบุรี,NB-1201,base.state_th_036
district_nb_002,บางบัวทอง,NB-1202,base.state_th_036
district_nb_003,ปากเกร็ด,NB-1203,base.state_th_036
district_nb_004,บางกรวย,NB-1204,base.state_th_036
district_nb_005,บางใหญ่,NB-1205,base.state_th_036
district_nb_006,ไทรน้อย,NB-1206,base.state_th_036
district_pt_001,เมืองปทุมธานี,PT-1301,base.state_th_037
district_pt_002,ธัญบุรี,PT-1302,base.state_th_037
district_pt_003,คลองหลวง,PT-1303,base.state_th_037
district_pt_004,ลำลูกกา,PT-1304,base.state_th_037
district_pt_005,ลาดหลุมแก้ว,PT-1305,base.state_th_037
district_pt_006,สามโคก,PT-1306,base.state_th_037
district_pt_007,หนองเสือ,PT-1307,base.state_th_037
district_ay_001,พระนครศรีอยุธยา,AY-1401,base.state_th_046
district_ay_002,อุทัย,AY-1402,base.state_th_046
district_ay_003,เสนา,AY-1403,base.state_th_046
district_ay_004,ผักไห่,AY-1404,base.state_th_046
district_ay_005,ท่าเรือ,AY-1405,base.state_th_046
district_ay_006,ภาชี,AY-1406,base.state_th_046
district_ay_007,มหาราช,AY-1407,base.state_th_046
district_ay_008,บางปะอิน,AY-1408,base.state_th_046
district_ay_009,วังน้อย,AY-1409,base.state_th_046
district_ay_010,บางไทร,AY-1410,base.state_th_046
district_ay_011,บางปะหัน,AY-1411,base.state_th_046
district_ay_012,ลาดบัวหลวง,AY-1412,base.state_th_046
district_ay_013,เมืองลพบุรี,AY-1413,base.state_th_022
district_ay_014,บ้านแพรก,AY-1414,base.state_th_046
district_ay_015,บางบาล,AY-1415,base.state_th_046
district_ay_016,นครหลวง,AY-1416,base.state_th_046
district_ay_017,บางซ้าย,AY-1417,base.state_th_046
district_at_001,เมืองอ่างทอง,AT-1501,base.state_th_003
district_at_002,วิเศษชัยชาญ,AT-1502,base.state_th_003
district_at_003,โพธิ์ทอง,AT-1503,base.state_th_003
district_at_004,ป่าโมก,AT-1504,base.state_th_003
district_at_005,ไชโย,AT-1505,base.state_th_003
district_at_006,แสวงหา,AT-1506,base.state_th_003
district_at_007,สามโก้,AT-1507,base.state_th_003
district_lb_001,บ้านหมี่,LB-1601,base.state_th_022
district_lb_002,โคกสำโรง,LB-1602,base.state_th_022
district_lb_003,ชัยบาดาล,LB-1603,base.state_th_022
district_lb_004,ลำสนธิ,LB-1604,base.state_th_022
district_lb_005,พัฒนานิคม,LB-1605,base.state_th_022
district_lb_006,ท่าวุ้ง,LB-1606,base.state_th_022
district_lb_007,หนองม่วง,LB-1607,base.state_th_022
district_lb_008,ท่าหลวง,LB-1608,base.state_th_022
district_lb_009,สระโบสถ์,LB-1609,base.state_th_022
district_lb_010,โคกเจริญ,LB-1610,base.state_th_022
district_sb_001,เมืองสิงห์บุรี,SB-1701,base.state_th_062
district_sb_002,อินทร์บุรี,SB-1702,base.state_th_062
district_sb_003,พรหมบุรี,SB-1703,base.state_th_062
district_sb_004,บางระจัน,SB-1704,base.state_th_062
district_sb_005,ท่าช้าง,SB-1705,base.state_th_062
district_sb_006,ค่ายบางระจัน,SB-1706,base.state_th_062
district_cn_001,เมืองชัยนาท,CN-1801,base.state_th_007
district_cn_002,มโนรมย์,CN-1802,base.state_th_007
district_cn_003,วัดสิงห์,CN-1803,base.state_th_007
district_cn_004,หนองมะโมง,CN-1804,base.state_th_007
district_cn_005,เนินขาม,CN-1805,base.state_th_007
district_cn_006,หันคา,CN-1806,base.state_th_007
district_cn_007,สรรคบุรี,CN-1807,base.state_th_007
district_cn_008,สรรพยา,CN-1808,base.state_th_007
district_sb_007,เมืองสระบุรี,SB-1901,base.state_th_060
district_sb_008,เฉลิมพระเกียรติ,SB-1902,base.state_th_060
district_sb_009,แก่งคอย,SB-1903,base.state_th_060
district_sb_010,พระพุทธบาท,SB-1904,base.state_th_060
district_sb_011,บ้านหมอ,SB-1905,base.state_th_060
district_sb_012,หนองแค,SB-1906,base.state_th_060
district_sb_013,วิหารแดง,SB-1907,base.state_th_060
district_sb_014,เสาไห้,SB-1908,base.state_th_060
district_sb_015,หนองแซง,SB-1909,base.state_th_060
district_sb_016,มวกเหล็ก,SB-1910,base.state_th_060
district_sb_017,หนองโดน,SB-1911,base.state_th_060
district_sb_018,ดอนพุด,SB-1912,base.state_th_060
district_sb_019,วังม่วง,SB-1913,base.state_th_060
district_cb_001,เมืองชลบุรี,CB-2001,base.state_th_012
district_cb_002,พานทอง,CB-2002,base.state_th_012
district_cb_003,ศรีราชา,CB-2003,base.state_th_012
district_cb_004,เกาะสีชัง,CB-2004,base.state_th_012
district_cb_005,พนัสนิคม,CB-2005,base.state_th_012
district_cb_006,บางละมุง,CB-2006,base.state_th_012
district_cb_007,บ้านบึง,CB-2007,base.state_th_012
district_cb_008,สัตหีบ,CB-2008,base.state_th_012
district_cb_009,หนองใหญ่,CB-2009,base.state_th_012
district_cb_010,เกาะจันทร์,CB-2010,base.state_th_012
district_cb_011,บ่อทอง,CB-2011,base.state_th_012
district_ry_001,เมืองระยอง,RY-2101,base.state_th_053
district_ry_002,แกลง,RY-2102,base.state_th_053
district_ry_003,เขาชะเมา,RY-2103,base.state_th_053
district_ry_004,บ้านค่าย,RY-2104,base.state_th_053
district_ry_005,บ้านฉาง,RY-2105,base.state_th_053
district_ry_006,ปลวกแดง,RY-2106,base.state_th_053
district_ry_007,นิคมพัฒนา,RY-2107,base.state_th_053
district_ry_008,วังจันทร์,RY-2108,base.state_th_053
district_ct_001,เมืองจันทบุรี,CT-2201,base.state_th_009
district_ct_002,ขลุง,CT-2202,base.state_th_009
district_ct_003,ท่าใหม่,CT-2203,base.state_th_009
district_ct_004,แหลมสิงห์,CT-2204,base.state_th_009
district_ct_005,โป่งน้ำร้อน,CT-2205,base.state_th_009
district_ct_006,มะขาม,CT-2206,base.state_th_009
district_ct_007,แก่งหางแมว,CT-2207,base.state_th_009
district_ct_008,นายายอาม,CT-2208,base.state_th_009
district_ct_009,สอยดาว,CT-2209,base.state_th_009
district_ct_010,เขาคิชฌกูฏ,CT-2210,base.state_th_009
district_tr_001,เมืองตราด,TR-2301,base.state_th_071
district_tr_002,เกาะกูด,TR-2302,base.state_th_071
district_tr_003,คลองใหญ่,TR-2303,base.state_th_071
district_tr_004,แหลมงอบ,TR-2304,base.state_th_071
district_tr_005,เขาสมิง,TR-2305,base.state_th_071
district_tr_006,บ่อไร่,TR-2306,base.state_th_071
district_tr_007,เกาะช้าง,TR-2307,base.state_th_071
district_cc_001,เมืองฉะเชิงเทรา,CC-2401,base.state_th_006
district_cc_002,บางน้ำเปรี้ยว,CC-2402,base.state_th_006
district_cc_003,คลองเขื่อน,CC-2403,base.state_th_006
district_cc_004,บางคล้า,CC-2404,base.state_th_006
district_cc_005,ราชสาส์น,CC-2405,base.state_th_006
district_cc_006,พนมสารคาม,CC-2406,base.state_th_006
district_cc_007,บางปะกง,CC-2407,base.state_th_006
district_cc_008,บ้านโพธิ์,CC-2408,base.state_th_006
district_cc_009,สนามชัยเขต,CC-2409,base.state_th_006
district_cc_010,ท่าตะเกียบ,CC-2410,base.state_th_006
district_cc_011,แปลงยาว,CC-2411,base.state_th_006
district_pb_001,เมืองปราจีนบุรี,PB-2501,base.state_th_049
district_pb_002,กบินทร์บุรี,PB-2502,base.state_th_049
district_pb_003,ประจันตคาม,PB-2503,base.state_th_049
district_pb_004,ศรีมหาโพธิ,PB-2504,base.state_th_049
district_pb_005,บ้านสร้าง,PB-2505,base.state_th_049
district_pb_006,ศรีมโหสถ,PB-2506,base.state_th_049
district_pb_007,นาดี,PB-2507,base.state_th_049
district_ny_001,เมืองนครนายก,NY-2601,base.state_th_026
district_ny_002,บ้านนา,NY-2602,base.state_th_026
district_ny_003,องครักษ์,NY-2603,base.state_th_026
district_ny_004,ปากพลี,NY-2604,base.state_th_026
district_sk_001,เมืองสระแก้ว,SK-2701,base.state_th_055
district_sk_002,เขาฉกรรจ์,SK-2702,base.state_th_055
district_sk_003,โคกสูง,SK-2703,base.state_th_055
district_sk_004,อรัญประเทศ,SK-2704,base.state_th_055
district_sk_005,วัฒนานคร,SK-2705,base.state_th_055
district_sk_006,ตาพระยา,SK-2706,base.state_th_055
district_sk_007,วังน้ำเย็น,SK-2707,base.state_th_055
district_sk_008,วังสมบูรณ์,SK-2708,base.state_th_055
district_sk_009,คลองหาด,SK-2709,base.state_th_055
district_nm_001,เมืองนครราชสีมา,NM-3001,base.state_th_029
district_nm_002,พิมาย,NM-3002,base.state_th_029
district_nm_003,บัวใหญ่,NM-3003,base.state_th_029
district_nm_004,บัวลาย,NM-3004,base.state_th_029
district_nm_005,ปากช่อง,NM-3005,base.state_th_029
district_nm_006,สีคิ้ว,NM-3006,base.state_th_029
district_nm_007,วังน้ำเขียว,NM-3007,base.state_th_029
district_nm_008,ปักธงชัย,NM-3008,base.state_th_029
district_nm_009,โนนสูง,NM-3009,base.state_th_029
district_nm_010,สูงเนิน,NM-3010,base.state_th_029
district_nm_011,ประทาย,NM-3011,base.state_th_029
district_nm_012,โชคชัย,NM-3012,base.state_th_029
district_nm_013,เทพารักษ์,NM-3013,base.state_th_029
district_nm_014,ด่านขุนทด,NM-3014,base.state_th_029
district_nm_015,โนนไทย,NM-3015,base.state_th_029
district_nm_016,พระทองคำ,NM-3016,base.state_th_029
district_nm_017,จักราช,NM-3017,base.state_th_029
district_nm_018,ห้วยแถลง,NM-3018,base.state_th_029
district_nm_019,ครบุรี,NM-3019,base.state_th_029
district_nm_020,คง,NM-3020,base.state_th_029
district_nm_021,เมืองยาง,NM-3021,base.state_th_029
district_nm_022,ชุมพวง,NM-3022,base.state_th_029
district_nm_023,ลำทะเมนชัย,NM-3023,base.state_th_029
district_nm_024,ขามทะเลสอ,NM-3024,base.state_th_029
district_nm_025,ขามสะแกแสง,NM-3025,base.state_th_029
district_nm_026,เสิงสาง,NM-3026,base.state_th_029
district_nm_027,บ้านเหลื่อม,NM-3027,base.state_th_029
district_nm_028,โนนแดง,NM-3028,base.state_th_029
district_nm_029,หนองบุญมาก,NM-3029,base.state_th_029
district_nm_030,สีดา,NM-3030,base.state_th_029
district_nm_031,แก้งสนามนาง,NM-3031,base.state_th_029
district_br_001,ห้วยราช,BR-3101,base.state_th_005
district_br_002,บ้านด่าน,BR-3102,base.state_th_005
district_br_003,เมืองบุรีรัมย์,BR-3103,base.state_th_005
district_br_004,โนนสุวรรณ,BR-3104,base.state_th_005
district_br_005,นางรอง,BR-3105,base.state_th_005
district_br_006,ชำนิ,BR-3106,base.state_th_005
district_br_007,พุทไธสง,BR-3107,base.state_th_005
district_br_008,บ้านใหม่ไชยพจน์,BR-3108,base.state_th_005
district_br_009,ลำปลายมาศ,BR-3109,base.state_th_005
district_br_010,ประโคนชัย,BR-3110,base.state_th_005
district_br_011,แคนดง,BR-3111,base.state_th_005
district_br_012,สตึก,BR-3112,base.state_th_005
district_br_013,กระสัง,BR-3113,base.state_th_005
district_br_014,ละหานทราย,BR-3114,base.state_th_005
district_br_015,บ้านกรวด,BR-3115,base.state_th_005
district_br_016,คูเมือง,BR-3116,base.state_th_005
district_br_017,หนองกี่,BR-3117,base.state_th_005
district_br_018,ปะคำ,BR-3118,base.state_th_005
district_br_019,นาโพธิ์,BR-3119,base.state_th_005
district_br_020,หนองหงส์,BR-3120,base.state_th_005
district_br_021,พลับพลาชัย,BR-3121,base.state_th_005
district_br_022,โนนดินแดง,BR-3122,base.state_th_005
district_sr_001,เขวาสินรินทร์,SR-3201,base.state_th_068
district_sr_002,เมืองสุรินทร์,SR-3202,base.state_th_068
district_sr_003,ศีขรภูมิ,SR-3203,base.state_th_068
district_sr_004,ท่าตูม,SR-3204,base.state_th_068
district_sr_005,รัตนบุรี,SR-3205,base.state_th_068
district_sr_006,โนนนารายณ์,SR-3206,base.state_th_068
district_sr_007,พนมดงรัก,SR-3207,base.state_th_068
district_sr_008,ปราสาท,SR-3208,base.state_th_068
district_sr_009,สังขะ,SR-3209,base.state_th_068
district_sr_010,ศรีณรงค์,SR-3210,base.state_th_068
district_sr_011,สนม,SR-3211,base.state_th_068
district_sr_012,สำโรงทาบ,SR-3212,base.state_th_068
district_sr_013,จอมพระ,SR-3213,base.state_th_068
district_sr_014,ชุมพลบุรี,SR-3214,base.state_th_068
district_sr_015,กาบเชิง,SR-3215,base.state_th_068
district_sr_016,ลำดวน,SR-3216,base.state_th_068
district_sr_017,บัวเชด,SR-3217,base.state_th_068
district_ss_001,เมืองศรีสะเกษ,SS-3301,base.state_th_063
district_ss_002,กันทรลักษ์,SS-3302,base.state_th_063
district_ss_003,เบญจลักษ์,SS-3303,base.state_th_063
district_ss_004,อุทุมพรพิสัย,SS-3304,base.state_th_063
district_ss_005,เมืองจันทร์,SS-3305,base.state_th_063
district_ss_006,โพธิ์ศรีสุวรรณ,SS-3306,base.state_th_063
district_ss_007,กันทรารมย์,SS-3307,base.state_th_063
district_ss_008,น้ำเกลี้ยง,SS-3308,base.state_th_063
district_ss_009,ขุขันธ์,SS-3309,base.state_th_063
district_ss_010,ภูสิงห์,SS-3310,base.state_th_063
district_ss_011,ขุนหาญ,SS-3311,base.state_th_063
district_ss_012,ราษีไศล,SS-3312,base.state_th_063
district_ss_013,ศิลาลาด,SS-3313,base.state_th_063
district_ss_014,ปรางค์กู่,SS-3314,base.state_th_063
district_ss_015,ไพรบึง,SS-3315,base.state_th_063
district_ss_016,ยางชุมน้อย,SS-3316,base.state_th_063
district_ss_017,ห้วยทับทัน,SS-3317,base.state_th_063
district_ss_018,บึงบูรพ์,SS-3318,base.state_th_063
district_ss_019,พยุห์,SS-3319,base.state_th_063
district_ss_020,ศรีรัตนะ,SS-3320,base.state_th_063
district_ss_021,โนนคูณ,SS-3321,base.state_th_063
district_ss_022,วังหิน,SS-3322,base.state_th_063
district_ub_001,เมืองอุบลราชธานี,UB-3401,base.state_th_072
district_ub_002,เหล่าเสือโก้ก,UB-3402,base.state_th_072
district_ub_003,ดอนมดแดง,UB-3403,base.state_th_072
district_ub_004,พิบูลมังสาหาร,UB-3404,base.state_th_072
district_ub_005,ตระการพืชผล,UB-3405,base.state_th_072
district_ub_006,ม่วงสามสิบ,UB-3406,base.state_th_072
district_ub_007,เขื่องใน,UB-3407,base.state_th_072
district_ub_008,เดชอุดม,UB-3408,base.state_th_072
district_ub_009,นาเยีย,UB-3409,base.state_th_072
district_ub_010,ทุ่งศรีอุดม,UB-3410,base.state_th_072
district_ub_011,นาตาล,UB-3411,base.state_th_072
district_ub_012,เขมราฐ,UB-3412,base.state_th_072
district_ub_013,วารินชำราบ,UB-3413,base.state_th_072
district_ub_014,สว่างวีระวงศ์,UB-3414,base.state_th_072
district_ub_015,โขงเจียม,UB-3415,base.state_th_072
district_ub_016,บุณฑริก,UB-3416,base.state_th_072
district_ub_017,ศรีเมืองใหม่,UB-3417,base.state_th_072
district_ub_018,น้ำยืน,UB-3418,base.state_th_072
district_ub_019,น้ำขุ่น,UB-3419,base.state_th_072
district_ub_020,กุดข้าวปุ้น,UB-3420,base.state_th_072
district_ub_021,นาจะหลวย,UB-3421,base.state_th_072
district_ub_022,ตาลสุม,UB-3422,base.state_th_072
district_ub_023,โพธิ์ไทร,UB-3423,base.state_th_072
district_ub_024,สิรินธร,UB-3424,base.state_th_072
district_ub_025,สำโรง,UB-3425,base.state_th_072
district_ys_001,เมืองยโสธร,YS-3501,base.state_th_077
district_ys_002,คำเขื่อนแก้ว,YS-3502,base.state_th_077
district_ys_003,ไทยเจริญ,YS-3503,base.state_th_077
district_ys_004,เลิงนกทา,YS-3504,base.state_th_077
district_ys_005,มหาชนะชัย,YS-3505,base.state_th_077
district_ys_006,กุดชุม,YS-3506,base.state_th_077
district_ys_007,ป่าติ้ว,YS-3507,base.state_th_077
district_ys_008,ค้อวัง,YS-3508,base.state_th_077
district_ys_009,ทรายมูล,YS-3509,base.state_th_077
district_cp_001,เมืองชัยภูมิ,CP-3601,base.state_th_008
district_cp_002,ภูเขียว,CP-3602,base.state_th_008
district_cp_003,เกษตรสมบูรณ์,CP-3603,base.state_th_008
district_cp_004,จัตุรัส,CP-3604,base.state_th_008
district_cp_005,ซับใหญ่,CP-3605,base.state_th_008
district_cp_006,เนินสง่า,CP-3606,base.state_th_008
district_cp_007,คอนสวรรค์,CP-3607,base.state_th_008
district_cp_008,แก้งคร้อ,CP-3608,base.state_th_008
district_cp_009,บำเหน็จณรงค์,CP-3609,base.state_th_008
district_cp_010,บ้านเขว้า,CP-3610,base.state_th_008
district_cp_011,คอนสาร,CP-3611,base.state_th_008
district_cp_012,บ้านแท่น,CP-3612,base.state_th_008
district_cp_013,หนองบัวแดง,CP-3613,base.state_th_008
district_cp_014,เทพสถิต,CP-3614,base.state_th_008
district_cp_015,หนองบัวระเหว,CP-3615,base.state_th_008
district_cp_016,ภักดีชุมพล,CP-3616,base.state_th_008
district_ac_001,เมืองอำนาจเจริญ,AC-3701,base.state_th_002
district_ac_002,ปทุมราชวงศา,AC-3702,base.state_th_002
district_ac_003,ลืออำนาจ,AC-3703,base.state_th_002
district_ac_004,พนา,AC-3704,base.state_th_002
district_ac_005,ชานุมาน,AC-3705,base.state_th_002
district_ac_006,หัวตะพาน,AC-3706,base.state_th_002
district_ac_007,เสนางคนิคม,AC-3707,base.state_th_002
district_bk_001,เมืองบึงกาฬ,BK-3801,base.state_th_004
district_bk_002,บุ่งคล้า,BK-3802,base.state_th_004
district_bk_003,เซกา,BK-3803,base.state_th_004
district_bk_004,โซ่พิสัย,BK-3804,base.state_th_004
district_bk_005,พรเจริญ,BK-3805,base.state_th_004
district_bk_006,ปากคาด,BK-3806,base.state_th_004
district_bk_007,ศรีวิไล,BK-3807,base.state_th_004
district_bk_008,บึงโขงหลง,BK-3808,base.state_th_004
district_nb_007,เมืองหนองบัวลำภู,NB-3901,base.state_th_034
district_nb_008,โนนสัง,NB-3902,base.state_th_034
district_nb_009,นาวัง,NB-3903,base.state_th_034
district_nb_010,นากลาง,NB-3904,base.state_th_034
district_nb_011,ศรีบุญเรือง,NB-3905,base.state_th_034
district_nb_012,สุวรรณคูหา,NB-3906,base.state_th_034
district_kk_001,เมืองขอนแก่น,KK-4001,base.state_th_017
district_kk_002,บ้านไผ่,KK-4002,base.state_th_017
district_kk_003,โนนศิลา,KK-4003,base.state_th_017
district_kk_004,บ้านแฮด,KK-4004,base.state_th_017
district_kk_005,พล,KK-4005,base.state_th_017
district_kk_006,ชุมแพ,KK-4006,base.state_th_017
district_kk_007,น้ำพอง,KK-4007,base.state_th_017
district_kk_008,เวียงเก่า,KK-4008,base.state_th_017
district_kk_009,หนองนาคำ,KK-4009,base.state_th_017
district_kk_010,ภูเวียง,KK-4010,base.state_th_017
district_kk_011,มัญจาคีรี,KK-4011,base.state_th_017
district_kk_012,โคกโพธิ์ไชย,KK-4012,base.state_th_017
district_kk_013,ซำสูง,KK-4013,base.state_th_017
district_kk_014,กระนวน,KK-4014,base.state_th_017
district_kk_015,ชนบท,KK-4015,base.state_th_017
district_kk_016,หนองสองห้อง,KK-4016,base.state_th_017
district_kk_017,หนองเรือ,KK-4017,base.state_th_017
district_kk_018,สีชมพู,KK-4018,base.state_th_017
district_kk_019,แวงน้อย,KK-4019,base.state_th_017
district_kk_020,อุบลรัตน์,KK-4020,base.state_th_017
district_kk_021,บ้านฝาง,KK-4021,base.state_th_017
district_kk_022,เขาสวนกวาง,KK-4022,base.state_th_017
district_kk_023,พระยืน,KK-4023,base.state_th_017
district_kk_024,แวงใหญ่,KK-4024,base.state_th_017
district_kk_025,เปือยน้อย,KK-4025,base.state_th_017
district_kk_026,ภูผาม่าน,KK-4026,base.state_th_017
district_ud_001,เมืองอุดรธานี,UD-4101,base.state_th_073
district_ud_002,กุมภวาปี,UD-4102,base.state_th_073
district_ud_003,ประจักษ์ศิลปาคม,UD-4103,base.state_th_073
district_ud_004,หนองหาน,UD-4104,base.state_th_073
district_ud_005,พิบูลย์รักษ์,UD-4105,base.state_th_073
district_ud_006,กู่แก้ว,UD-4106,base.state_th_073
district_ud_007,เพ็ญ,UD-4107,base.state_th_073
district_ud_008,บ้านผือ,UD-4108,base.state_th_073
district_ud_009,บ้านดุง,UD-4109,base.state_th_073
district_ud_010,น้ำโสม,UD-4110,base.state_th_073
district_ud_011,หนองวัวซอ,UD-4111,base.state_th_073
district_ud_012,ศรีธาตุ,UD-4112,base.state_th_073
district_ud_013,โนนสะอาด,UD-4113,base.state_th_073
district_ud_014,กุดจับ,UD-4114,base.state_th_073
district_ud_015,สร้างคอม,UD-4115,base.state_th_073
district_ud_016,วังสามหมอ,UD-4116,base.state_th_073
district_ud_017,ไชยวาน,UD-4117,base.state_th_073
district_ud_018,ทุ่งฝน,UD-4118,base.state_th_073
district_ud_019,หนองแสง,UD-4119,base.state_th_073
district_ud_020,นายูง,UD-4120,base.state_th_073
district_le_001,เมืองเลย,LE-4201,base.state_th_021
district_le_002,เชียงคาน,LE-4202,base.state_th_021
district_le_003,ด่านซ้าย,LE-4203,base.state_th_021
district_le_004,วังสะพุง,LE-4204,base.state_th_021
district_le_005,ท่าลี่,LE-4205,base.state_th_021
district_le_006,ปากชม,LE-4206,base.state_th_021
district_le_007,ภูเรือ,LE-4207,base.state_th_021
district_le_008,นาแห้ว,LE-4208,base.state_th_021
district_le_009,ภูกระดึง,LE-4209,base.state_th_021
district_le_010,หนองหิน,LE-4210,base.state_th_021
district_le_011,นาด้วง,LE-4211,base.state_th_021
district_le_012,เอราวัณ,LE-4212,base.state_th_021
district_le_013,ภูหลวง,LE-4213,base.state_th_021
district_le_014,ผาขาว,LE-4214,base.state_th_021
district_nk_001,เมืองหนองคาย,NK-4301,base.state_th_035
district_nk_002,สระใคร,NK-4302,base.state_th_035
district_nk_003,ท่าบ่อ,NK-4303,base.state_th_035
district_nk_004,รัตนวาปี,NK-4304,base.state_th_035
district_nk_005,โพนพิสัย,NK-4305,base.state_th_035
district_nk_006,โพธิ์ตาก,NK-4306,base.state_th_035
district_nk_007,ศรีเชียงใหม่,NK-4307,base.state_th_035
district_nk_008,สังคม,NK-4308,base.state_th_035
district_nk_009,เฝ้าไร่,NK-4309,base.state_th_035
district_mk_001,เมืองมหาสารคาม,MK-4401,base.state_th_024
district_mk_002,พยัคฆภูมิพิสัย,MK-4402,base.state_th_024
district_mk_003,วาปีปทุม,MK-4403,base.state_th_024
district_mk_004,บรบือ,MK-4404,base.state_th_024
district_mk_005,กุดรัง,MK-4405,base.state_th_024
district_mk_006,โกสุมพิสัย,MK-4406,base.state_th_024
district_mk_007,กันทรวิชัย,MK-4407,base.state_th_024
district_mk_008,เชียงยืน,MK-4408,base.state_th_024
district_mk_009,ชื่นชม,MK-4409,base.state_th_024
district_mk_010,นาเชือก,MK-4410,base.state_th_024
district_mk_011,นาดูน,MK-4411,base.state_th_024
district_mk_012,แกดำ,MK-4412,base.state_th_024
district_mk_013,ยางสีสุราช,MK-4413,base.state_th_024
district_re_001,เมืองร้อยเอ็ด,RE-4501,base.state_th_054
district_re_002,จังหาร,RE-4502,base.state_th_054
district_re_003,เชียงขวัญ,RE-4503,base.state_th_054
district_re_004,ศรีสมเด็จ,RE-4504,base.state_th_054
district_re_005,โพนทอง,RE-4505,base.state_th_054
district_re_006,เสลภูมิ,RE-4506,base.state_th_054
district_re_007,สุวรรณภูมิ,RE-4507,base.state_th_054
district_re_008,หนองฮี,RE-4508,base.state_th_054
district_re_009,พนมไพร,RE-4509,base.state_th_054
district_re_010,เกษตรวิสัย,RE-4510,base.state_th_054
district_re_011,อาจสามารถ,RE-4511,base.state_th_054
district_re_012,ธวัชบุรี,RE-4512,base.state_th_054
district_re_013,ทุ่งเขาหลวง,RE-4513,base.state_th_054
district_re_014,จตุรพักตรพิมาน,RE-4514,base.state_th_054
district_re_015,ปทุมรัตต์,RE-4515,base.state_th_054
district_re_016,หนองพอก,RE-4516,base.state_th_054
district_re_017,เมืองสรวง,RE-4517,base.state_th_054
district_re_018,โพธิ์ชัย,RE-4518,base.state_th_054
district_re_019,โพนทราย,RE-4519,base.state_th_054
district_re_020,เมยวดี,RE-4520,base.state_th_054
district_ks_001,เมืองกาฬสินธุ์,RE-4521,base.state_th_014
district_ks_002,ดอนจาน,RE-4522,base.state_th_014
district_ks_003,กุฉินารายณ์,KS-4601,base.state_th_014
district_ks_004,ยางตลาด,KS-4602,base.state_th_014
district_ks_005,กมลาไสย,KS-4603,base.state_th_014
district_ks_006,ฆ้องชัย,KS-4604,base.state_th_014
district_ks_007,สหัสขันธ์,KS-4605,base.state_th_014
district_ks_008,สมเด็จ,KS-4606,base.state_th_014
district_ks_009,นาคู,KS-4607,base.state_th_014
district_ks_010,เขาวง,KS-4608,base.state_th_014
district_ks_011,ห้วยเม็ก,KS-4609,base.state_th_014
district_ks_012,สามชัย,KS-4610,base.state_th_014
district_ks_013,คำม่วง,KS-4611,base.state_th_014
district_ks_014,ท่าคันโท,KS-4612,base.state_th_014
district_ks_015,ร่องคำ,KS-4613,base.state_th_014
district_ks_016,หนองกุงศรี,KS-4614,base.state_th_014
district_ks_017,นามน,KS-4615,base.state_th_014
district_ks_018,ห้วยผึ้ง,KS-4616,base.state_th_014
district_sn_001,เมืองสกลนคร,SN-4701,base.state_th_056
district_sn_002,สว่างแดนดิน,SN-4702,base.state_th_056
district_sn_003,วานรนิวาส,SN-4703,base.state_th_056
district_sn_004,พรรณานิคม,SN-4704,base.state_th_056
district_sn_005,บ้านม่วง,SN-4705,base.state_th_056
district_sn_006,วาริชภูมิ,SN-4706,base.state_th_056
district_sn_007,พังโคน,SN-4707,base.state_th_056
district_sn_008,อากาศอำนวย,SN-4708,base.state_th_056
district_sn_009,กุดบาก,SN-4709,base.state_th_056
district_sn_010,ภูพาน,SN-4710,base.state_th_056
district_sn_011,ส่องดาว,SN-4711,base.state_th_056
district_sn_012,กุสุมาลย์,SN-4712,base.state_th_056
district_sn_013,โพนนาแก้ว,SN-4713,base.state_th_056
district_sn_014,คำตากล้า,SN-4714,base.state_th_056
district_sn_015,เต่างอย,SN-4715,base.state_th_056
district_sn_016,นิคมน้ำอูน,SN-4716,base.state_th_056
district_sn_017,โคกศรีสุพรรณ,SN-4717,base.state_th_056
district_sn_018,เจริญศิลป์,SN-4718,base.state_th_056
district_np_001,เมืองนครพนม,NP-4801,base.state_th_028
district_np_002,ธาตุพนม,NP-4802,base.state_th_028
district_np_003,ท่าอุเทน,NP-4803,base.state_th_028
district_np_004,วังยาง,NP-4804,base.state_th_028
district_np_005,นาแก,NP-4805,base.state_th_028
district_np_006,นาทม,NP-4806,base.state_th_028
district_np_007,บ้านแพง,NP-4807,base.state_th_028
district_np_008,ศรีสงคราม,NP-4808,base.state_th_028
district_np_009,ปลาปาก,NP-4809,base.state_th_028
district_np_010,เรณูนคร,NP-4810,base.state_th_028
district_np_011,นาหว้า,NP-4811,base.state_th_028
district_np_012,โพนสวรรค์,NP-4812,base.state_th_028
district_md_001,เมืองมุกดาหาร,MD-4901,base.state_th_025
district_md_002,คำชะอี,MD-4902,base.state_th_025
district_md_003,ดอนตาล,MD-4903,base.state_th_025
district_md_004,นิคมคำสร้อย,MD-4904,base.state_th_025
district_md_005,ดงหลวง,MD-4905,base.state_th_025
district_md_006,หว้านใหญ่,MD-4906,base.state_th_025
district_md_007,หนองสูง,MD-4907,base.state_th_025
district_cm_001,เมืองเชียงใหม่,CM-5001,base.state_th_010
district_cm_002,ฝาง,CM-5002,base.state_th_010
district_cm_003,สันป่าตอง,CM-5003,base.state_th_010
district_cm_004,สันกำแพง,CM-5004,base.state_th_010
district_cm_005,แม่ออน,CM-5005,base.state_th_010
district_cm_006,สารภี,CM-5006,base.state_th_010
district_cm_007,แม่แตง,CM-5007,base.state_th_010
district_cm_008,ดอยหล่อ,CM-5008,base.state_th_010
district_cm_009,เชียงดาว,CM-5009,base.state_th_010
district_cm_010,แม่ริม,CM-5010,base.state_th_010
district_cm_011,พร้าว,CM-5011,base.state_th_010
district_cm_012,สันทราย,CM-5012,base.state_th_010
district_cm_013,ดอยสะเก็ด,CM-5013,base.state_th_010
district_cm_014,หางดง,CM-5014,base.state_th_010
district_cm_015,ฮอด,CM-5015,base.state_th_010
district_cm_016,สะเมิง,CM-5016,base.state_th_010
district_cm_017,ดอยเต่า,CM-5017,base.state_th_010
district_cm_018,แม่แจ่ม,CM-5018,base.state_th_010
district_cm_019,แม่อาย,CM-5019,base.state_th_010
district_cm_020,อมก๋อย,CM-5020,base.state_th_010
district_cm_021,ไชยปราการ,CM-5021,base.state_th_010
district_cm_022,เวียงแหง,CM-5022,base.state_th_010
district_cm_023,แม่วาง,CM-5023,base.state_th_010
district_ln_001,เมืองลำพูน,LN-5101,base.state_th_020
district_ln_002,ลี้,LN-5102,base.state_th_020
district_ln_003,เวียงหนองล่อง,LN-5103,base.state_th_020
district_ln_004,ป่าซาง,LN-5104,base.state_th_020
district_ln_005,บ้านโฮ่ง,LN-5105,base.state_th_020
district_ln_006,แม่ทา,LN-5106,base.state_th_020
district_ln_007,ทุ่งหัวช้าง,LN-5107,base.state_th_020
district_ln_008,บ้านธิ,LN-5108,base.state_th_020
district_lp_001,เมืองลำปาง,LP-5201,base.state_th_019
district_lp_002,แม่เมาะ,LP-5202,base.state_th_019
district_lp_003,งาว,LP-5203,base.state_th_019
district_lp_004,แจ้ห่ม,LP-5204,base.state_th_019
district_lp_005,เกาะคา,LP-5205,base.state_th_019
district_lp_006,วังเหนือ,LP-5206,base.state_th_019
district_lp_007,แม่ทะ,LP-5207,base.state_th_019
district_lp_008,เถิน,LP-5208,base.state_th_019
district_lp_009,สบปราบ,LP-5209,base.state_th_019
district_lp_010,แม่พริก,LP-5210,base.state_th_019
district_lp_011,ห้างฉัตร,LP-5211,base.state_th_019
district_lp_012,เสริมงาม,LP-5212,base.state_th_019
district_lp_013,เมืองปาน,LP-5213,base.state_th_019
district_ut_001,เมืองอุตรดิตถ์,UT-5301,base.state_th_075
district_ut_002,น้ำปาด,UT-5302,base.state_th_075
district_ut_003,พิชัย,UT-5303,base.state_th_075
district_ut_004,ลับแล,UT-5304,base.state_th_075
district_ut_005,ตรอน,UT-5305,base.state_th_075
district_ut_006,ท่าปลา,UT-5306,base.state_th_075
district_ut_007,ฟากท่า,UT-5307,base.state_th_075
district_ut_008,บ้านโคก,UT-5308,base.state_th_075
district_ut_009,ทองแสนขัน,UT-5309,base.state_th_075
district_pr_001,เมืองแพร่,PR-5401,base.state_th_047
district_pr_002,สูงเม่น,PR-5402,base.state_th_047
district_pr_003,เด่นชัย,PR-5403,base.state_th_047
district_pr_004,สอง,PR-5404,base.state_th_047
district_pr_005,ร้องกวาง,PR-5405,base.state_th_047
district_pr_006,ลอง,PR-5406,base.state_th_047
district_pr_007,วังชิ้น,PR-5407,base.state_th_047
district_pr_008,หนองม่วงไข่,PR-5408,base.state_th_047
district_nn_001,เมืองน่าน,NN-5501,base.state_th_032
district_nn_002,ภูเพียง,NN-5502,base.state_th_032
district_nn_003,เวียงสา,NN-5503,base.state_th_032
district_nn_004,ปัว,NN-5504,base.state_th_032
district_nn_005,ทุ่งช้าง,NN-5505,base.state_th_032
district_nn_006,ท่าวังผา,NN-5506,base.state_th_032
district_nn_007,นาน้อย,NN-5507,base.state_th_032
district_nn_008,เชียงกลาง,NN-5508,base.state_th_032
district_nn_009,สองแคว,NN-5509,base.state_th_032
district_nn_010,เฉลิมพระเกียรติ,NN-5510,base.state_th_032
district_nn_011,แม่จริม,NN-5511,base.state_th_032
district_nn_012,นาหมื่น,NN-5512,base.state_th_032
district_nn_013,บ้านหลวง,NN-5513,base.state_th_032
district_nn_014,สันติสุข,NN-5514,base.state_th_032
district_nn_015,บ่อเกลือ,NN-5515,base.state_th_041
district_py_001,เมืองพะเยา,PY-5601,base.state_th_041
district_py_002,ภูกามยาว,PY-5602,base.state_th_041
district_py_003,เชียงคำ,PY-5603,base.state_th_041
district_py_004,ภูซาง,PY-5604,base.state_th_041
district_py_005,ดอกคำใต้,PY-5605,base.state_th_041
district_py_006,แม่ใจ,PY-5606,base.state_th_041
district_py_007,ปง,PY-5607,base.state_th_041
district_py_008,จุน,PY-5608,base.state_th_041
district_py_009,เชียงม่วน,PY-5609,base.state_th_011
district_cr_001,แม่ลาว,CR-5701,base.state_th_011
district_cr_002,เมืองเชียงราย,CR-5702,base.state_th_011
district_cr_003,ดอยหลวง,CR-5703,base.state_th_011
district_cr_004,แม่จัน,CR-5704,base.state_th_011
district_cr_005,แม่ฟ้าหลวง,CR-5705,base.state_th_011
district_cr_006,พาน,CR-5706,base.state_th_011
district_cr_007,แม่สาย,CR-5707,base.state_th_011
district_cr_008,เชียงของ,CR-5708,base.state_th_011
district_cr_009,เชียงแสน,CR-5709,base.state_th_011
district_cr_010,เทิง,CR-5710,base.state_th_011
district_cr_011,เวียงป่าเป้า,CR-5711,base.state_th_011
district_cr_012,แม่สรวย,CR-5712,base.state_th_011
district_cr_013,ป่าแดด,CR-5713,base.state_th_011
district_cr_014,เวียงเชียงรุ้ง,CR-5714,base.state_th_011
district_cr_015,เวียงชัย,CR-5715,base.state_th_011
district_cr_016,พญาเม็งราย,CR-5716,base.state_th_011
district_cr_017,เวียงแก่น,CR-5717,base.state_th_011
district_cr_018,ขุนตาล,CR-5718,base.state_th_023
district_ms_001,เมืองแม่ฮ่องสอน,MS-5801,base.state_th_023
district_ms_002,แม่สะเรียง,MS-5802,base.state_th_023
district_ms_003,สบเมย,MS-5803,base.state_th_023
district_ms_004,แม่ลาน้อย,MS-5804,base.state_th_010
district_cm_024,กัลยาณิวัฒนา,CM-5001,base.state_th_023
district_ms_005,ปาย,MS-5805,base.state_th_023
district_ms_006,ขุนยวม,MS-5806,base.state_th_023
district_ms_007,ปางมะผ้า,MS-5807,base.state_th_030
district_ms_008,เมืองนครสวรรค์,MS-5808,base.state_th_030
district_ms_009,หนองบัว,MS-5809,base.state_th_030
district_ms_010,ชุมแสง,MS-5810,base.state_th_030
district_ms_011,พยุหะคีรี,MS-5811,base.state_th_030
district_ms_012,ตาคลี,MS-5812,base.state_th_030
district_ms_013,แม่วงก์,MS-5813,base.state_th_030
district_ms_014,แม่เปิน,MS-5814,base.state_th_030
district_ms_015,ลาดยาว,MS-5815,base.state_th_030
district_ms_016,ชุมตาบง,MS-5816,base.state_th_030
district_ms_017,ท่าตะโก,MS-5817,base.state_th_030
district_ms_018,โกรกพระ,MS-5818,base.state_th_030
district_ms_019,บรรพตพิสัย,MS-5819,base.state_th_030
district_ms_020,ตากฟ้า,MS-5820,base.state_th_030
district_ms_021,ไพศาลี,MS-5821,base.state_th_030
district_ms_022,เก้าเลี้ยว,MS-5822,base.state_th_074
district_ut_010,เมืองอุทัยธานี,UT-6101,base.state_th_074
district_ut_011,หนองฉาง,UT-6102,base.state_th_074
district_ut_012,ทัพทัน,UT-6103,base.state_th_074
district_ut_013,หนองขาหย่าง,UT-6104,base.state_th_074
district_ut_014,บ้านไร่,UT-6105,base.state_th_074
district_ut_015,สว่างอารมณ์,UT-6106,base.state_th_074
district_ut_016,ลานสัก,UT-6107,base.state_th_074
district_ut_017,ห้วยคต,UT-6108,base.state_th_015
district_kp_001,โกสัมพีนคร,KP-6201,base.state_th_015
district_kp_002,เมืองกำแพงเพชร,KP-6202,base.state_th_015
district_kp_003,พรานกระต่าย,KP-6203,base.state_th_015
district_kp_004,ปางศิลาทอง,KP-6204,base.state_th_015
district_kp_005,คลองขลุง,KP-6205,base.state_th_015
district_kp_006,ขาณุวรลักษบุรี,KP-6206,base.state_th_015
district_kp_007,ไทรงาม,KP-6207,base.state_th_015
district_kp_008,ลานกระบือ,KP-6208,base.state_th_015
district_kp_009,คลองลาน,KP-6209,base.state_th_015
district_kp_010,ทรายทองวัฒนา,KP-6210,base.state_th_015
district_kp_011,บึงสามัคคี,KP-6211,base.state_th_069
district_tk_001,เมืองตาก,TK-6301,base.state_th_069
district_tk_002,แม่สอด,TK-6302,base.state_th_069
district_tk_003,บ้านตาก,TK-6303,base.state_th_069
district_tk_004,สามเงา,TK-6304,base.state_th_069
district_tk_005,แม่ระมาด,TK-6305,base.state_th_069
district_tk_006,ท่าสองยาง,TK-6306,base.state_th_069
district_tk_007,พบพระ,TK-6307,base.state_th_069
district_tk_008,อุ้มผาง,TK-6308,base.state_th_069
district_tk_009,วังเจ้า,TK-6309,base.state_th_065
district_st_001,เมืองสุโขทัย,ST-6401,base.state_th_065
district_st_002,สวรรคโลก,ST-6402,base.state_th_065
district_st_003,ศรีสำโรง,ST-6403,base.state_th_065
district_st_004,ศรีสัชนาลัย,ST-6404,base.state_th_065
district_st_005,บ้านด่านลานหอย,ST-6405,base.state_th_065
district_st_006,ทุ่งเสลี่ยม,ST-6406,base.state_th_065
district_st_007,คีรีมาศ,ST-6407,base.state_th_065
district_st_008,กงไกรลาศ,ST-6408,base.state_th_065
district_st_009,ศรีนคร,ST-6409,base.state_th_045
district_pl_001,เมืองพิษณุโลก,PL-6501,base.state_th_045
district_pl_002,บางกระทุ่ม,PL-6502,base.state_th_045
district_pl_003,นครไทย,PL-6503,base.state_th_045
district_pl_004,วังทอง,PL-6504,base.state_th_045
district_pl_005,บางระกำ,PL-6505,base.state_th_045
district_pl_006,พรหมพิราม,PL-6506,base.state_th_045
district_pl_007,วัดโบสถ์,PL-6507,base.state_th_045
district_pl_008,ชาติตระการ,PL-6508,base.state_th_045
district_pl_009,เนินมะปราง,PL-6509,base.state_th_044
district_pc_001,เมืองพิจิตร,PC-6601,base.state_th_044
district_pc_002,ตะพานหิน,PC-6602,base.state_th_044
district_pc_003,บางมูลนาก,PC-6603,base.state_th_044
district_pc_004,โพทะเล,PC-6604,base.state_th_044
district_pc_005,บึงนาราง,PC-6605,base.state_th_044
district_pc_006,สามง่าม,PC-6606,base.state_th_044
district_pc_007,วชิรบารมี,PC-6607,base.state_th_044
district_pc_008,ทับคล้อ,PC-6608,base.state_th_044
district_pc_009,สากเหล็ก,PC-6609,base.state_th_044
district_pc_010,วังทรายพูน,PC-6610,base.state_th_044
district_pc_011,โพธิ์ประทับช้าง,PC-6611,base.state_th_044
district_pc_012,ดงเจริญ,PC-6612,base.state_th_042
district_pb_008,เมืองเพชรบูรณ์,PB-6701,base.state_th_042
district_pb_009,หล่มสัก,PB-6702,base.state_th_042
district_pb_010,หล่มเก่า,PB-6703,base.state_th_042
district_pb_011,วิเชียรบุรี,PB-6704,base.state_th_042
district_pb_012,หนองไผ่,PB-6705,base.state_th_042
district_pb_013,ชนแดน,PB-6706,base.state_th_042
district_pb_014,บึงสามพัน,PB-6707,base.state_th_042
district_pb_015,ศรีเทพ,PB-6708,base.state_th_042
district_pb_016,วังโป่ง,PB-6709,base.state_th_042
district_pb_017,น้ำหนาว,PB-6710,base.state_th_042
district_pb_018,เขาค้อ,PB-6711,base.state_th_052
district_rb_001,เมืองราชบุรี,RB-7001,base.state_th_052
district_rb_002,บ้านโป่ง,RB-7002,base.state_th_052
district_rb_003,โพธาราม,RB-7003,base.state_th_052
district_rb_004,ดำเนินสะดวก,RB-7004,base.state_th_052
district_rb_005,ปากท่อ,RB-7005,base.state_th_052
district_rb_006,จอมบึง,RB-7006,base.state_th_052
district_rb_007,บางแพ,RB-7007,base.state_th_052
district_rb_008,วัดเพลง,RB-7008,base.state_th_052
district_rb_009,บ้านคา,RB-7009,base.state_th_052
district_rb_010,สวนผึ้ง,RB-7010,base.state_th_016
district_kc_001,ท่ามะกา,KC-7101,base.state_th_058
district_sk_010,บ้านแพ้ว,SK-7401,base.state_th_016
district_kc_002,เมืองกาญจนบุรี,KC-7101,base.state_th_016
district_kc_003,ท่าม่วง,KC-7102,base.state_th_016
district_kc_004,พนมทวน,KC-7103,base.state_th_016
district_kc_005,ไทรโยค,KC-7104,base.state_th_016
district_kc_006,บ่อพลอย,KC-7105,base.state_th_016
district_kc_007,ห้วยกระเจา,KC-7106,base.state_th_066
district_sp_007,สองพี่น้อง,SP-7201,base.state_th_066
district_sp_008,อู่ทอง,SP-7202,base.state_th_016
district_kc_008,ทองผาภูมิ,KC-7107,base.state_th_016
district_kc_009,เลาขวัญ,KC-7108,base.state_th_016
district_kc_010,หนองปรือ,KC-7109,base.state_th_016
district_kc_011,ศรีสวัสดิ์,KC-7110,base.state_th_016
district_kc_012,สังขละบุรี,KC-7111,base.state_th_016
district_kc_013,ด่านมะขามเตี้ย,KC-7112,base.state_th_066
district_sp_009,เมืองสุพรรณบุรี,SP-7201,base.state_th_066
district_sp_010,เดิมบางนางบวช,SP-7202,base.state_th_066
district_sp_011,สามชุก,SP-7203,base.state_th_066
district_sp_012,ศรีประจันต์,SP-7204,base.state_th_066
district_sp_013,บางปลาม้า,SP-7205,base.state_th_066
district_sp_014,ดอนเจดีย์,SP-7206,base.state_th_066
district_sp_015,ด่านช้าง,SP-7207,base.state_th_066
district_sp_016,หนองหญ้าไซ,SP-7208,base.state_th_027
district_np_013,เมืองนครปฐม,NP-7301,base.state_th_027
district_np_014,สามพราน,NP-7302,base.state_th_027
district_np_015,นครชัยศรี,NP-7303,base.state_th_027
district_np_016,บางเลน,NP-7304,base.state_th_027
district_np_017,กำแพงแสน,NP-7305,base.state_th_027
district_np_018,ดอนตูม,NP-7306,base.state_th_027
district_np_019,พุทธมณฑล,NP-7307,base.state_th_058
district_sk_011,เมืองสมุทรสาคร,SK-7402,base.state_th_058
district_sk_012,กระทุ่มแบน,SK-7403,base.state_th_059
district_ss_023,เมืองสมุทรสงคราม,SS-7501,base.state_th_059
district_ss_024,อัมพวา,SS-7502,base.state_th_059
district_ss_025,บางคนที,SS-7503,base.state_th_043
district_ss_026,เมืองเพชรบุรี,SS-7504,base.state_th_043
district_ss_027,บ้านแหลม,SS-7505,base.state_th_043
district_ss_028,ชะอำ,SS-7506,base.state_th_043
district_ss_029,ท่ายาง,SS-7507,base.state_th_043
district_ss_030,เขาย้อย,SS-7508,base.state_th_043
district_ss_031,บ้านลาด,SS-7509,base.state_th_043
district_ss_032,หนองหญ้าปล้อง,SS-7510,base.state_th_043
district_ss_033,แก่งกระจาน,SS-7511,base.state_th_050
district_pk_001,เมืองประจวบคีรีขันธ์,PK-7701,base.state_th_050
district_pk_002,หัวหิน,PK-7702,base.state_th_050
district_pk_003,ปราณบุรี,PK-7703,base.state_th_050
district_pk_004,สามร้อยยอด,PK-7704,base.state_th_050
district_pk_005,ทับสะแก,PK-7705,base.state_th_050
district_pk_006,บางสะพาน,PK-7706,base.state_th_050
district_pk_007,กุยบุรี,PK-7707,base.state_th_050
district_pk_008,บางสะพานน้อย,PK-7708,base.state_th_031
district_nt_001,เมืองนครศรีธรรมราช,NT-8001,base.state_th_031
district_nt_002,พระพรหม,NT-8002,base.state_th_031
district_nt_003,ทุ่งสง,NT-8003,base.state_th_031
district_nt_004,สิชล,NT-8004,base.state_th_031
district_nt_005,จุฬาภรณ์,NT-8005,base.state_th_031
district_nt_006,ร่อนพิบูลย์,NT-8006,base.state_th_031
district_nt_007,ปากพนัง,NT-8007,base.state_th_031
district_nt_008,ฉวาง,NT-8008,base.state_th_031
district_nt_009,ท่าศาลา,NT-8009,base.state_th_031
district_nt_010,นบพิตำ,NT-8010,base.state_th_031
district_nt_011,หัวไทร,NT-8011,base.state_th_031
district_nt_012,ชะอวด,NT-8012,base.state_th_031
district_nt_013,เชียรใหญ่,NT-8013,base.state_th_031
district_nt_014,ขนอม,NT-8014,base.state_th_031
district_nt_015,นาบอน,NT-8015,base.state_th_031
district_nt_016,ช้างกลาง,NT-8016,base.state_th_031
district_nt_017,ลานสกา,NT-8017,base.state_th_018
district_nt_018,เขาพนม,NT-8018,base.state_th_031
district_nt_019,ทุ่งใหญ่,NT-8019,base.state_th_031
district_nt_020,ถ้ำพรรณรา,NT-8020,base.state_th_031
district_nt_021,พิปูน,NT-8021,base.state_th_031
district_nt_022,พรหมคีรี,NT-8022,base.state_th_031
district_nt_023,บางขัน,NT-8023,base.state_th_018
district_kb_001,เมืองกระบี่,KB-8101,base.state_th_018
district_kb_002,อ่าวลึก,KB-8102,base.state_th_018
district_kb_003,คลองท่อม,KB-8103,base.state_th_018
district_kb_004,เกาะลันตา,KB-8104,base.state_th_018
district_kb_005,เหนือคลอง,KB-8105,base.state_th_018
district_kb_006,ปลายพระยา,KB-8106,base.state_th_018
district_kb_007,ลำทับ,KB-8107,base.state_th_039
district_pg_001,เมืองพังงา,PG-8201,base.state_th_039
district_pg_002,ตะกั่วป่า,PG-8202,base.state_th_039
district_pg_003,ท้ายเหมือง,PG-8203,base.state_th_039
district_pg_004,ตะกั่วทุ่ง,PG-8204,base.state_th_039
district_pg_005,คุระบุรี,PG-8205,base.state_th_039
district_pg_006,เกาะยาว,PG-8206,base.state_th_039
district_pg_007,กะปง,PG-8207,base.state_th_039
district_pg_008,ทับปุด,PG-8208,base.state_th_048
district_pk_009,เมืองภูเก็ต,PK-8301,base.state_th_048
district_pk_010,ถลาง,PK-8302,base.state_th_048
district_pk_011,กะทู้,PK-8303,base.state_th_067
district_st_010,เมืองสุราษฎร์ธานี,ST-8401,base.state_th_067
district_st_011,ไชยา,ST-8402,base.state_th_067
district_st_012,บ้านนาสาร,ST-8403,base.state_th_067
district_st_013,พุนพิน,ST-8404,base.state_th_067
district_st_014,เกาะสมุย,ST-8405,base.state_th_067
district_st_015,ท่าฉาง,ST-8406,base.state_th_067
district_st_016,กาญจนดิษฐ์,ST-8407,base.state_th_067
district_st_017,ดอนสัก,ST-8408,base.state_th_067
district_st_018,ท่าชนะ,ST-8409,base.state_th_067
district_st_019,คีรีรัฐนิคม,ST-8410,base.state_th_067
district_st_020,เวียงสระ,ST-8411,base.state_th_067
district_st_021,พระแสง,ST-8412,base.state_th_067
district_st_022,เคียนซา,ST-8413,base.state_th_067
district_st_023,บ้านตาขุน,ST-8414,base.state_th_067
district_st_024,บ้านนาเดิม,ST-8415,base.state_th_067
district_st_025,พนม,ST-8416,base.state_th_067
district_st_026,เกาะพะงัน,ST-8417,base.state_th_067
district_st_027,ชัยบุรี,ST-8418,base.state_th_067
district_st_028,วิภาวดี,ST-8419,base.state_th_051
district_rn_001,เมืองระนอง,RN-8501,base.state_th_051
district_rn_002,กระบุรี,RN-8502,base.state_th_051
district_rn_003,กะเปอร์,RN-8503,base.state_th_051
district_rn_004,สุขสำราญ,RN-8504,base.state_th_051
district_rn_005,ละอุ่น,RN-8505,base.state_th_013
district_cp_017,เมืองชุมพร,CP-8601,base.state_th_013
district_cp_018,หลังสวน,CP-8602,base.state_th_013
district_cp_019,สวี,CP-8603,base.state_th_013
district_cp_020,ท่าแซะ,CP-8604,base.state_th_013
district_cp_021,ปะทิว,CP-8605,base.state_th_013
district_cp_022,ละแม,CP-8606,base.state_th_013
district_cp_023,พะโต๊ะ,CP-8607,base.state_th_013
district_cp_024,ทุ่งตะโก,CP-8608,base.state_th_064
district_sk_013,เมืองสงขลา,SK-9001,base.state_th_064
district_sk_014,หาดใหญ่,SK-9002,base.state_th_064
district_sk_015,บางกล่ำ,SK-9003,base.state_th_064
district_sk_016,คลองหอยโข่ง,SK-9004,base.state_th_064
district_sk_017,สะเดา,SK-9005,base.state_th_064
district_sk_018,จะนะ,SK-9006,base.state_th_064
district_sk_019,ระโนด,SK-9007,base.state_th_064
district_sk_020,เทพา,SK-9008,base.state_th_064
district_sk_021,นาทวี,SK-9009,base.state_th_064
district_sk_022,รัตภูมิ,SK-9010,base.state_th_064
district_sk_023,สทิงพระ,SK-9011,base.state_th_064
district_sk_024,สะบ้าย้อย,SK-9012,base.state_th_064
district_sk_025,ควนเนียง,SK-9013,base.state_th_064
district_sk_026,กระแสสินธุ์,SK-9014,base.state_th_064
district_sk_027,สิงหนคร,SK-9015,base.state_th_064
district_sk_028,นาหม่อม,SK-9016,base.state_th_061
district_st_029,เมืองสตูล,ST-9101,base.state_th_061
district_st_030,ละงู,ST-9102,base.state_th_061
district_st_031,ทุ่งหว้า,ST-9103,base.state_th_061
district_st_032,ควนกาหลง,ST-9104,base.state_th_061
district_st_033,มะนัง,ST-9105,base.state_th_061
district_st_034,ท่าแพ,ST-9106,base.state_th_061
district_st_035,ควนโดน,ST-9107,base.state_th_070
district_tr_008,เมืองตรัง,TR-9201,base.state_th_070
district_tr_009,วังวิเศษ,TR-9202,base.state_th_070
district_tr_010,สิเกา,TR-9203,base.state_th_070
district_tr_011,กันตัง,TR-9204,base.state_th_070
district_tr_012,หาดสำราญ,TR-9205,base.state_th_070
district_tr_013,ปะเหลียน,TR-9206,base.state_th_070
district_tr_014,ห้วยยอด,TR-9207,base.state_th_070
district_tr_015,รัษฎา,TR-9208,base.state_th_070
district_tr_016,ย่านตาขาว,TR-9209,base.state_th_070
district_tr_017,นาโยง,TR-9210,base.state_th_040
district_pl_010,เมืองพัทลุง,PL-9301,base.state_th_040
district_pl_011,กงหรา,PL-9302,base.state_th_040
district_pl_012,ศรีนครินทร์,PL-9303,base.state_th_040
district_pl_013,ควนขนุน,PL-9304,base.state_th_040
district_pl_014,ปากพะยูน,PL-9305,base.state_th_040
district_pl_015,เขาชัยสน,PL-9306,base.state_th_040
district_pl_016,บางแก้ว,PL-9307,base.state_th_040
district_pl_017,ตะโหมด,PL-9308,base.state_th_040
district_pl_018,ป่าบอน,PL-9309,base.state_th_040
district_pl_019,ศรีบรรพต,PL-9310,base.state_th_040
district_pl_020,ป่าพะยอม,PL-9311,base.state_th_038
district_pl_021,เมืองปัตตานี,PT-9401,base.state_th_038
district_pl_022,สายบุรี,PT-9402,base.state_th_038
district_pl_023,โคกโพธิ์,PT-9403,base.state_th_038
district_pl_024,ปะนาเระ,PT-9404,base.state_th_038
district_pl_025,ทุ่งยางแดง,PT-9405,base.state_th_038
district_pl_026,มายอ,PT-9406,base.state_th_038
district_pl_027,ยะหริ่ง,PT-9407,base.state_th_038
district_pl_028,ยะรัง,PT-9408,base.state_th_038
district_pl_029,หนองจิก,PT-9409,base.state_th_038
district_pl_030,แม่ลาน,PT-9410,base.state_th_038
district_pl_031,ไม้แก่น,PT-9411,base.state_th_038
district_pl_032,กะพ้อ,PT-9412,base.state_th_076
district_yl_001,เมืองยะลา,YL-9501,base.state_th_076
district_yl_002,กรงปินัง,YL-9502,base.state_th_076
district_yl_003,เบตง,YL-9503,base.state_th_076
district_yl_004,ยะหา,YL-9504,base.state_th_076
district_yl_005,กาบัง,YL-9505,base.state_th_076
district_yl_006,บันนังสตา,YL-9506,base.state_th_076
district_yl_007,ธารโต,YL-9507,base.state_th_076
district_yl_008,รามัน,YL-9508,base.state_th_033
district_nw_001,เมืองนราธิวาส,NW-9601,base.state_th_033
district_nw_002,ตากใบ,NW-9602,base.state_th_033
district_nw_003,สุไหงโก-ลก,NW-9603,base.state_th_033
district_nw_004,เจาะไอร้อง,NW-9604,base.state_th_033
district_nw_005,ระแงะ,NW-9605,base.state_th_033
district_nw_006,สุไหงปาดี,NW-9606,base.state_th_033
district_nw_007,รือเสาะ,NW-9607,base.state_th_033
district_nw_008,แว้ง,NW-9608,base.state_th_033
district_nw_009,บาเจาะ,NW-9609,base.state_th_033
district_nw_010,ยี่งอ,NW-9610,base.state_th_033
district_nw_011,สุคิริน,NW-9611,base.state_th_033
district_nw_012,ศรีสาคร,NW-9612,base.state_th_033
district_nw_013,จะแนะ,NW-9613,base.state_th_033
